Video ID,Title,Upload Date,Video Type,Duration,Duration in s,View Count,Like Count,Comment Count
KflDSgz4KIc,Jumbo Tomahawk for David Beckham,2025-04-30,Short,56S,56,2514420,98250,498
3tSvjeJZjGI,I Ranked the Best BBQ from EVERY Country,2025-04-23,Short,2M10S,130,5653898,342064,4977
Q3QiyVSaPZE,I Challenged America‚Äôs Best Brisket,2025-04-22,Short,1M,60,3943616,180173,675
l1rAb8iNPcQ,Grinding Every Animal Into One Burger @NickDiGiovanni,2025-04-21,Short,26S,26,6176057,198325,1838
pKuguDpmti4,I Cooked the World‚Äôs RAREST Steaks,2025-04-11,Short,3M,180,5506413,298817,2049
gDfyZaujK6E,I Found Bacon in This Fish‚Ä¶,2025-03-26,Short,36S,36,7013945,322582,912
OU4S0FSZkoI,I Covered Lamb in Jam,2025-03-24,Short,32S,32,763007,50814,307
P9NbFXKQo-8,Cowboy Butter Lobster Roll,2025-03-19,Short,40S,40,1075547,68302,402
Aw5vc8jGQCY,"$50 vs $300 vs $1,000 Brisket",2025-03-13,Short,1M6S,66,19730588,807510,2714
sMtfXxOt-3o,Citrus Dry Aged Mahi Mahi,2025-03-04,Short,50S,50,2069559,148448,653
vzXULTmvWnk,I Cooked the World‚Äôs CRAZIEST Eggs,2025-02-25,Short,2M5S,125,23168886,1676459,10572
4UEzMoGvkXQ,"1,000 Garlic Clove Lamb Leg",2025-02-19,Short,34S,34,3865394,241558,1087
vGx5zex1YCY,7 Day Caramel Soaked Ribs,2025-02-19,Short,31S,31,1301965,97056,352
lp_Q393jAfw,I Cooked 100lbs of Protein Pt 3,2025-02-13,Short,1M,60,1275498,92607,505
AByKJ0-wpEs,I Cooked A 70lb Cow Leg,2025-02-12,Short,1M1S,61,3909182,245037,771
ig1rlhB5h1Q,I stole a whole cow leg pt 1‚Ä¶,2025-02-11,Short,44S,44,3335479,171619,206
w4jDx6Wenjw,World‚Äôs WORST Tasting Tuna,2025-02-10,Short,47S,47,3105487,157081,1253
QDBn3_WwbQo,If you find yourself with 20 lobsters‚Ä¶,2025-02-02,Short,31S,31,4678464,332730,2516
d4Z4HnDTnSA,The Lobster Hot Dog,2025-01-24,Short,37S,37,1337637,118330,501
kGS_WfpU82Q,When steak put me in the hospital‚Ä¶,2025-01-14,Short,1M1S,61,6672371,493495,1300
39-CvROyYUQ,7 Day Molasses Cured Tomahawk,2025-01-13,Short,41S,41,1964641,144502,512
UwfDi4tT5Og,Jalape√±o Dry Aged Wagyu A5,2024-12-28,Short,1M3S,63,3176452,204021,800
jPTERm5G4vM,Deep Fried Prime Rib,2024-12-24,Short,34S,34,1607852,112371,318
OuM4JtRrIEI,Prime Rib Texas Toast Sandwich,2024-12-20,Short,43S,43,806910,73212,204
5QuFBdoHReA,The Perfect Prime Rib,2024-12-17,Short,1M11S,71,1770561,107671,615
7ED6rGme02E,The Brisket Football (Cooked in Clay),2024-12-16,Short,1M4S,64,19373245,1158145,2608
zAu4PRyKbu0,Panda Express Ran Out of Chicken‚Ä¶,2024-12-13,Short,33S,33,694367,55645,306
21ohKsJQA1g,I Tasted The World‚Äôs Most EXOTIC Meats,2024-12-12,Short,1M49S,109,9540277,629866,9673
-LCnCFHbbd8,How to slice every type of steak‚Ä¶,2024-12-11,Short,1M16S,76,1055397,64689,169
Jgw-HUH55ys,Pork Chop Accordion,2024-12-10,Short,45S,45,1056842,85497,505
68GyW48XoEU,Dry Aged Camel,2024-12-06,Short,33S,33,2698430,159275,1108
_I8OQEtRNEc,Buffalo Chicken Mac and Cheese,2024-12-04,Short,44S,44,820313,76644,325
O2E3ZIUho04,7 Day Honey Cured Steak,2024-12-03,Short,32S,32,72912228,3994708,10971
AiijhzdSj5Y,30 Tacos in 30 Hours,2024-12-01,Short,1M,60,1414534,96048,344
xGPQ2c1v5CI,Jalape√±o Popper Pork Belly Accordion,2024-11-27,Short,54S,54,1568559,132695,723
2X0eMqOzyHE,The Perfect Thanksgiving Turkey,2024-11-26,Short,1M,60,1860364,120803,605
VG8fgE1e5_g,How to Carve a Turkey,2024-11-25,Short,36S,36,3831748,280487,446
mOug1POqBHY,Parm Wheel Dry Aged Steak,2024-11-25,Short,53S,53,7193389,499858,1577
cauLrvx8-Ew,The World‚Äôs Crispiest Turkey,2024-11-24,Short,46S,46,5849470,384925,877
vpJIT3m1wik,Prime Rib Pho,2024-11-23,Short,48S,48,582379,54311,440
r1KO1sWLU4M,Why is this sandwich soggy...,2024-10-30,Short,32S,32,958557,69829,505
lSxNFw5muOk,Monte Cristo Big Mac,2024-10-23,Short,41S,41,2322016,124012,974
34klRJM77Wk,$200 Zebra Steak,2024-10-21,Short,27S,27,5051313,284894,2756
3stVLdXiAjw,Truffle Parm Beef Hump,2024-10-18,Short,49S,49,997216,69837,341
aQWn6QSUshY,"Forging The World‚Äôs Rarest Knife ($50,000)",2024-10-14,Short,45S,45,12473684,660302,5191
s8VNFro4k3c,Salmon Pastrami (game changer),2024-10-11,Short,21S,21,3497459,177465,400
ZPtCLU9rVvg,"Harvesting 3,000 lbs of Axis Deer",2024-10-09,Short,38S,38,2575442,119951,1048
c11YyI2PFVg,Steak School: T-Bone,2024-10-04,Short,41S,41,2197251,114490,342
eIwOI0XLCTk,Car Cooking: Max vs Costco Hot Dog,2024-09-27,Short,52S,52,4520166,352613,1088
gNGn90gVozA,Chimichurri Stuffed Chicken,2024-09-25,Short,34S,34,899555,60375,199
Owxl9dQxqis,"$2,500 Lobster Gnocchi",2024-09-22,Short,48S,48,9784708,632777,2853
xqBQVqqCGY4,Is this the perfect bite?,2024-09-18,Short,10S,10,5269425,280840,946
0bQ8whf9Bu0,Best ‚Äúit‚Äôs raw‚Äù comment wins (tomahawk BLT),2024-09-11,Short,14S,14,8891442,438056,8697
E0QYtD8DZ_c,Wagyu A5 vs 2500¬∞ Forge,2024-08-26,Short,44S,44,11555854,657588,1222
Zc0qKEfzKQo,Live Fire Pork Belly Accordion,2024-08-19,Short,45S,45,5297214,312931,866
ZEh-qvsG3AE,Porchetta Roasted in Chimichurri Salt,2024-08-16,Short,48S,48,3743036,174911,791
Xg5eyXFgmJo,"$1 vs $5,000 Mac and Cheese",2024-08-13,Short,1M,60,79702450,3597388,11774
pdp8epfX7jk,Larry the Lobster Boil,2024-08-05,Short,53S,53,2543058,198095,1200
EI__pA1Rm2o,3 Levels of Duck...,2024-07-31,Short,44S,44,2638392,196068,572
t2viyjJFNPA,If you find yourself with a whole salmon...,2024-07-26,Short,36S,36,3877764,242855,1125
GfAf194V0KM,Doctor said I need to eat more vegetables...,2024-07-19,Short,24S,24,10237360,619289,3469
6JtLxCszFsE,"$3,000 Wagyu A5 Meat Tower",2024-07-10,Short,28S,28,3876680,243075,1216
V0gUMXDDD0Q,I almost burned down my neighborhood...,2024-07-06,Short,56S,56,653333,49637,248
k6PclBMD--E,Whole Salmon BURIED in Citrus Salt,2024-07-03,Short,45S,45,7629555,581672,1303
gR8HUkMWF3o,I took over a butcher shop for a day...,2024-06-29,Short,51S,51,942308,68965,252
S_qPNUVQd44,Bacon makes EVERYTHING Better,2024-06-28,Short,41S,41,1704349,110985,526
qe9ao1BBhfI,Deep Fried Dry-Aged Peking Duck,2024-06-25,Short,48S,48,1837406,140486,386
czPMeUtkQ-8,$250 Wagyu A5 Slim Jim,2024-06-20,Short,39S,39,3718806,261301,640
JOoM3Qis_1U,Don't watch if you hate butter and bacon...,2024-06-15,Short,47S,47,10096242,480028,1914
L5y_cvweBgQ,"$2,000 Wagyu Parm Pasta",2024-05-30,Short,36S,36,84599984,3233641,13217
kwfqjt-XBH8,Cooking a Frozen Brisket,2024-05-26,Short,42S,42,1258615,101704,272
YW_YtcieURY,Double Crunchwrap Cheeseburger,2024-05-22,Short,34S,34,2140200,153751,773
7z3WaCmKmWA,Max vs Salt Bae (I disowned my sister),2024-05-17,Short,29S,29,1873771,118160,416
U-IheOyI82U,"The Steak Review: Salt Bae ($1,000 tomahawk)",2024-05-15,Short,42S,42,3351412,190340,1284
uTpUh1iOcgQ,Everything I ate in Hawaii (While harvesting invasive species),2024-05-10,Short,58S,58,933348,66179,494
GQk9dJmLxXg,I Turned Steak Into Bread,2024-05-01,Short,32S,32,9422209,577901,1681
5_tuvX5ZqKk,Do you think he'll approve?,2024-05-01,Short,36S,36,2530442,174694,952
NvG2yteNJeo,Does it Deep Fry? Beef Short Ribs,2024-04-30,Short,28S,28,1763470,135527,267
t6b4kl2jn5s,Thor‚Äôs hammer cooked in fire salt‚Ä¶,2024-04-28,Short,1M,60,27086507,1448027,4164
5o9tKN4r8D8,The World's Biggest Salmon Chip‚Ä¶,2024-04-27,Short,59S,59,5042294,350464,1008
u79myUBKyjA,Day in the life at a beef jerky factory,2024-04-25,Short,58S,58,1326101,92197,302
XUP2UX-Ghsg,Flying with frozen meat...,2024-04-19,Short,45S,45,6084337,409930,748
vGDWdPipx6g,Cheap Wagyu A5 vs Expensive Grass-fed,2024-04-10,Short,30S,30,4933308,295597,645
Qf0bKgn5zvg,Cooking for Friends (Fantasy Football Edition),2024-04-02,Short,53S,53,5370985,344035,870
kBF-QMtCdsY,Peking Brisket,2024-04-01,Short,49S,49,1037522,70732,256
KbXElPzIW7g,Tomahawk Biggie Mac @albert_cancook,2024-03-18,Short,31S,31,7147657,429000,1169
BxqTHHAAmkQ,The most important meeting of my life‚Ä¶,2024-03-12,Short,1M,60,2043147,153619,407
8Wofo0Pyt4o,Cr√®me Br√ªl√©e Pork Belly Burnt Ends,2024-03-04,Short,46S,46,9247565,383309,1837
whs9OexwT5o,‚ÄúWell Done‚Äù Wagyu A5 üò≥,2024-02-29,Short,36S,36,3832538,254713,1375
MO1u9sjNlio,What should I call this?,2024-02-28,Short,9S,9,1949457,80297,2970
p0nwjMREcTs,A special batch of jerky‚Ä¶,2024-02-25,Short,26S,26,3586510,167922,1129
NGrLLf_QMGc,Deep Fried Pork Belly Accordion,2024-02-22,Short,22S,22,2128779,120249,551
reUbPP1a0_c,30 Day Dry Aged Buffalo Brisket,2024-02-20,Short,53S,53,6971698,459119,581
AQJFGq1DEfY,I caught her cheating on Valentine's Day...,2024-02-14,Short,45S,45,22288273,1160603,6097
KxM-5_FqIBM,This was actually raw...,2024-02-13,Short,28S,28,3143619,171299,1606
PEbdJgWoZ8w,Impress your valentine with‚Ä¶,2024-02-11,Short,29S,29,5449525,399262,1403
seEcFZGgtek,Crispy Skin Buffalo Chicken Dip,2024-02-08,Short,45S,45,4135880,314405,763
LZwkkuEedDM,World's biggest corn dog‚Ä¶ meat sticks live at maxjerky.com!,2024-02-06,Short,22S,22,7165068,173837,1105
LhcdE6mJWX4,She asked me to catch a fish...,2024-02-04,Short,26S,26,1640585,90477,533
O4ho8IOpmas,Mango Habanero Pork Belly Twists,2024-02-01,Short,24S,24,1365228,82930,245
3eGqirz2P7Y,Best ‚Äújuicy‚Äù comment wins...,2024-01-25,Short,9S,9,2719926,118964,4957
0_SdRI7NdMw,Homemade Wagyu A5,2024-01-24,Short,36S,36,3288298,217452,705
5HYPRF8ZPqQ,Cooking a Prime Rib in 10lb of MSG,2024-01-12,Short,54S,54,6828406,476680,3390
T33JUBAig3c,NYE King Crab Round 2,2024-01-08,Short,1M,60,11921332,739326,3103
n_-5Tob_EJQ,24k Gold Dry Aged Ribeye,2023-12-31,Short,47S,47,1621953,100743,552
Wg3-dP4UGcE,My Brothers Industrial Bakery,2023-12-27,Short,54S,54,4014856,283400,641
IwCzubRup54,Chili Crisp Injected & Dry Aged Ribeye,2023-12-19,Short,34S,34,5413557,320884,602
ExQrrKffaK8,Deep Fried Prime Rib,2023-12-18,Short,34S,34,2020541,122888,394
Jg5yjQrY-t8,Not Your Average Chicken Bacon Ranch,2023-12-16,Short,19S,19,2937264,176384,554
Cq-qGAcChRM,Steak & Happy Potatoes,2023-12-16,Short,36S,36,3576714,245120,789
pYwoOxWndls,Car Cooking: Wagyu A5 Big Mac @itsQCP,2023-12-13,Short,40S,40,12318476,722380,880
PgW60Xw7f60,The Perfect Prime Rib,2023-12-11,Short,46S,46,913503,66396,544
cC2d8zjCZPA,The Pizzaball Sub,2023-12-07,Short,36S,36,648819,42573,326
GvWa-N_IWIE,I accidentally made pink short ribs‚Ä¶,2023-12-03,Short,42S,42,2736326,182389,530
JX0_STmuigQ,I Marinated Short Ribs for 10 Days...,2023-11-28,Short,47S,47,2217656,162521,415
8eCovKu12h4,What I ate in China,2023-11-26,Short,51S,51,4478651,319081,1153
MchzmS7qu7A,Wagyu A5 Steak Accordion,2023-11-24,Short,1M,60,4816576,322066,947
xNMTeHu8R8w,Deep Fried Turkey,2023-11-19,Short,36S,36,7851023,509830,1165
jpqMxSKk1BQ,How to Smoke Meat INDOORS,2023-11-16,Short,33S,33,7747941,507931,2074
0owVfqYgaJg,Beef vs Tofu,2023-11-11,Short,20S,20,6628990,412457,3972
z9hiA5fhCOU,The worst cooking appliance of all time...,2023-11-10,Short,14S,14,5930831,390289,1309
GWDUG2UnSjw,A Plate of Bacon (literally),2023-11-04,Short,29S,29,6343548,356160,1241
v5SdCKWQM3I,Cooking Brisket in 10lbs of Salt,2023-11-01,Short,1M,60,25599787,1368220,4739
FoEfFtdwEgc,The Cheapest Wagyu A5 I Could Find...,2023-10-27,Short,38S,38,4755688,288061,679
_LmRrKu401s,Filet mignon... like a brisket?,2023-10-24,Short,49S,49,11934100,634349,1777
Twk0OmkN2gE,A peace offering...,2023-10-20,Short,1M,60,13356759,895630,2492
X3ZfD7W1-cw,Is it Flatbread or Pizza?,2023-10-18,Short,49S,49,8884987,510345,2707
KRspJcpai-Y,When an old man gives you a chicken...,2023-10-10,Short,1M,60,2812945,225500,787
W9rsY4QG2NY,Don't Make Promises You Can't Keep...,2023-10-02,Short,1M,60,56332574,2625276,6367
avhcZ6Iuv2w,Wagyu Tallow Dry Aged Lamb Shoulder,2023-09-28,Short,52S,52,13955748,817236,2017
6ynfeCAzr0U,Garlic Confit Cowboy Butter,2023-09-20,Short,29S,29,4113531,307891,549
fztZ-oIXQMk,Chicharron Charcuterie Board,2023-09-11,Short,41S,41,14986036,850643,3372
wLyQXLeXdc8,McDonald‚Äôs Beef Jerky,2023-09-10,Short,35S,35,2797723,186668,568
WkMPySeHKGY,Rib Cap Wellington‚Ä¶ Gordon‚Äôs not going to be happy,2023-09-02,Short,40S,40,1889192,126166,749
YYfB_R2TjLI,The World's Most Expensive Beef Jerky,2023-08-29,Short,37S,37,2805316,228762,969
bf-Nksvtiww,She Wanted Raw Lobster...,2023-08-22,Short,30S,30,17216354,661357,6686
KujgczNVy_Q,Dry Aged Fish Catch & Cook,2023-08-18,Short,1M,60,2426316,202596,616
tIkCThaR4fc,Seafood Feast on a Malaysian Fish Farm,2023-08-04,Short,44S,44,1275841,94158,638
mDw6gUIdOQs,I Cooked a Wagyu Picanha Like a Brisket,2023-08-03,Short,30S,30,5516157,301615,946
s_CMAhCEc5g,Candied Bacon Salmon Board,2023-07-31,Short,54S,54,6669282,368847,1545
pu9hyOkfV5c,Grow a Weenie,2023-07-23,Short,19S,19,196842172,3107671,4947
BtkpYb__JG4,Picanha Chip,2023-07-22,Short,40S,40,10151574,652447,4153
0kGtpQpRPRU,Worlds Biggest Rack of Ribs,2023-07-21,Short,32S,32,3792722,257966,1345
IiChHK-mzeo,Can I move to FL before my meat defrosts?,2023-07-20,Short,54S,54,8591110,618948,3147
f4k7ZB64YH8,I Turned Salmon into Cotton Candy,2023-07-17,Short,26S,26,3083263,182726,1086
hl4hDyMBVvA,Dry Aged Buffalo Chicken,2023-07-16,Short,44S,44,41316811,2078413,4024
i2xKkIQ8eNU,"Best ""it's raw"" comment wins",2023-07-14,Short,10S,10,9443035,479676,37199
jsrkJNd7bno,How Chicken Jerky is Made,2023-07-13,Short,45S,45,2558510,170445,802
E9kgHa6wh-k,Lobster Cheese Dog,2023-07-01,Short,40S,40,7235911,443045,2039
weO4irlRYuw,Chili Crisp Dry Aged Duck,2023-06-24,Short,44S,44,3987374,277137,1321
yYLLFEvvaH4,Forbidden Dorito Pt 2,2023-06-20,Short,15S,15,6635741,349927,1355
Hb63L9YPyZg,Steak School: Picanha,2023-06-16,Short,44S,44,5219586,305979,989
JqNNYKSEVeE,Fresh vs Dry Aged Duck,2023-06-14,Short,45S,45,5569924,360166,885
uLhAzMppX5A,Chicharron Crunch Wrap,2023-06-08,Short,28S,28,6396015,301476,1367
swTdBdJC1L4,My Biggest Regret,2023-05-21,Short,1M,60,45848232,2557362,7803
GnjVV-Dl-LI,I Turned Pork Into Cotton Candy,2023-05-15,Short,43S,43,3195255,202857,1226
3mppFmB_HSA,"1,000 Pounds of Bacon Jerky",2023-05-10,Short,49S,49,11044268,513551,2465
aP_7yKOk6Ok,A Very Average Steak (Sierra Steak School),2023-05-05,Short,26S,26,13198396,817314,2235
tX0ZMeEkXGg,My Professional Fishing Career,2023-05-04,Short,1M,60,6196269,451634,1170
8g6-d57Y7xE,I Cooked a Furry Steak,2023-05-02,Short,37S,37,5569672,393815,4726
IvaUCK4IxAE,"$10,000 Dry Aged Tuna",2023-04-28,Short,37S,37,4385857,294181,963
s486nYbO80Y,The Steak Review: Joshua Weissman‚Äôs Steak House,2023-04-25,Short,53S,53,4342800,274721,648
NP0kQndK4Fw,Wagyu A5 Spam,2023-04-16,Short,1M,60,16729691,835968,2687
Ij-scaFkBrI,The Budget Friendly Tomahawk,2023-04-10,Short,24S,24,21899624,965505,4992
AwgwwNQpvuw,The Half Cow Beef-Chetta,2023-04-07,Short,53S,53,4035361,285758,1844
haIUqAmKqzo,Can You Guess This Cut?,2023-04-05,Short,9S,9,1841485,80979,1562
rlRPQqKyICY,The Best BBQ in KC is From Texas,2023-04-03,Short,34S,34,7158419,415452,1994
CkqxjtEyK7I,I Feel Like a Traitor,2023-04-03,Short,34S,34,1752731,109903,483
UMUL5zvfpuw,‚ÄúI Can‚Äôt Believe It‚Äôs Not a Ribeye‚Äù (Steak School),2023-04-01,Short,24S,24,1522636,108649,244
ZeDEaNJzAl8,How Kansas City Thai BBQ is Made,2023-03-28,Short,34S,34,1546648,94170,348
czQhfN6PEcY,The Craziest Meat Feast of My Life,2023-03-27,Short,47S,47,1084713,69711,336
i-xJWp2cfww,The Filet Mignapple,2023-03-25,Short,13S,13,32387099,1098154,4589
iaH_z2raAPY,The Pineapple Mignon,2023-03-25,Short,14S,14,6322615,330151,3595
5vOGbM3cBJw,My Third Favorite Steak (Steak School),2023-03-24,Short,26S,26,2811047,213763,429
FZLNlhOgp6U,I Soaked a Ribeye in Coffee for 24hrs Then Dry Aged It,2023-03-14,Short,42S,42,6761676,439570,1981
4nmr6geoGHI,Wasabi Crusted Toro Taco @valentinetb1,2023-03-09,Short,28S,28,1858314,103678,535
v1Yv8fS78bc,Cooking a Brisket Like a Steak,2023-03-06,Short,48S,48,31979016,1646687,2838
XA1auynQxQI,I Cooked Salmon on a Deserted Island,2023-03-03,Short,59S,59,7710520,566667,2579
n3ixz8Fgw1c,How Alaskan Salmon Gets on Your Plate,2023-03-02,Short,44S,44,1850624,142860,298
QHlN4nte57Q,First Class Airplane Food Review: Worth It?,2023-03-01,Short,49S,49,11420418,726490,3672
_K263qh9vyg,"$1 vs $1,000 Wine Taste Test",2023-02-24,Short,46S,46,2944179,231387,683
35hGDDyKiu0,"I Covered Briskets in Relish, Ketchup, Mayo and Mustard",2023-02-22,Short,47S,47,23095592,1359730,3522
1cPXvVxxckc,Worlds Hottest Dry Age (9 Million Scoville),2023-02-18,Short,55S,55,10984754,770787,2084
_Jev7bXNjyc,Brisket vs Tofu,2023-02-14,Short,20S,20,39412076,1928833,16586
HTpzWqMD45o,I Soaked a Ribeye in Whiskey for 24hrs Then Dry Aged It,2023-02-10,Short,42S,42,50766825,2366053,9086
8hHkdPDALiU,The Rarest Steak I‚Äôve Ever Cooked,2023-02-09,Short,27S,27,21919591,1069892,3178
oB8clo4UMEs,I Ate a Freezer Burned Steak,2023-02-08,Short,42S,42,15037623,926459,1756
4e7LQOgLSCo,We Out-Pizza‚Äôd the Hut @ryancantcook,2023-02-07,Short,23S,23,22260731,1022777,3980
vv48rmFo3lQ,She Didn't Let Me Eat the Filet-O-Fish...,2023-02-06,Short,26S,26,3215719,173073,667
zqMMm47977g,Dry Aging Turned This Steak Grey...,2023-02-04,Short,44S,44,3515219,230497,463
GAMY4Hp6s2A,"Best ""it's raw"" comment wins pt. 4",2023-02-03,Short,10S,10,26404076,588263,41514
H84MZlCK9TE,Best Lamb I Ever Had,2023-02-02,Short,44S,44,1765053,130413,463
LcNNEZ9i-QA,$300 New Years King Crab,2023-02-01,Short,49S,49,13435475,861493,2595
N0UVzw1W_Mw,Brisket Stuffed Prime Rib,2023-01-20,Short,48S,48,6270037,396997,1033
lzapLX2bH3o,Scallop Pasta ft. @itsQCP,2023-01-11,Short,42S,42,5622272,402657,1018
0zlG1Knt6ZA,Steak Battles: Max vs Peter Luger,2023-01-07,Short,43S,43,4602419,287632,905
ZYjGfbTH4N0,The Steak Review: Peter Luger Steak House,2023-01-06,Short,42S,42,5220436,282929,1488
nhmAAy0HYpA,Dry Aged vs Dry Brined vs Wet Brined PULLED PORK,2022-12-30,Short,1M,60,9610348,691070,1284
scv7vniJ0wg,Dry Aged Pulled Pork,2022-12-29,Short,39S,39,1447610,119557,346
i3h3uNbgBhE,Dry Aged BRISKET Bacon BLT,2022-12-27,Short,50S,50,4095962,303531,983
RwTq-5tIcl0,How to Trim a Dry Aged Brisket,2022-12-26,Short,33S,33,1853741,113812,184
r6cv2JCiLnw,The Perfect Prime Rib,2022-12-22,Short,59S,59,5299047,336352,2202
b5RmtXKODPo,Brisket Bread (made with ChefsTemp),2022-12-15,Short,46S,46,8312468,613344,1516
yrFDWPJF4bs,I Soaked a Ribeye in Wine for 24hrs Then Dry Aged It,2022-12-14,Short,52S,52,23963713,1449944,3379
ZLopuHdqjBc,The Worlds Most Underrated Steak,2022-12-08,Short,40S,40,10943526,693731,2023
cDseYSjGYIc,15 Day Marinated Brisket,2022-12-07,Short,47S,47,45293225,2472084,3417
zvktSuKszqk,Short Rib Challah Bao,2022-12-07,Short,43S,43,1735735,116966,668
z5GPq_pkbR0,Elk Loin Cooked Inside of Salt,2022-11-30,Short,46S,46,26388164,1376294,6803
SplCbOj2aTI,What it was like celebrating holidays in China,2022-11-25,Short,1M,60,4066497,404264,931
aSVEV2EmHG8,‚ÄúThe cutest thing you ever made‚Äù - My sister,2022-11-22,Short,40S,40,1905274,143161,640
SYyIbvTD2e8,The Perfect Thanksgiving Turkey,2022-11-21,Short,1M,60,5472943,345911,1320
OoTiTqf7eZc,Not Your Average Turkey‚Ä¶ (Peking Turkey),2022-11-19,Short,44S,44,6147742,502403,1739
-RG6rob2cNQ,How to carve a Turkey ü¶É,2022-11-18,Short,31S,31,5605423,349895,644
xCbATMWcb1g,Cooking a FROZEN Steak,2022-11-16,Short,52S,52,32430826,1468730,3799
cNJteplOcNI,Wagyu Tallow Dry Aged Prime Rib,2022-11-15,Short,46S,46,6690418,444479,1861
a4V3I_3JXac,The Ultimate Surf & Turf,2022-11-12,Short,34S,34,2109973,144160,599
GGQUOD7K5nU,Dry Aged Roast Beef Sandwich Ft. @NickDiGiovanni,2022-11-11,Short,31S,31,5845166,372740,1095
JZUKssceS00,APPLEWOOD Liquid Smoke + Coffee Dry Age Pt.3,2022-11-09,Short,38S,38,2034144,173245,374
BDwni0c9zN4,Powdered Smoke Dry Age Pt. 2,2022-11-08,Short,40S,40,4680297,358224,668
eHEd5XBr8wA,Cold Smoked THEN Dry Aged Ribeye Pt. 1,2022-11-07,Short,45S,45,6503543,479271,891
AszOPmzcTmQ,Cooking Steak with a Chef in Alaska,2022-11-06,Short,54S,54,3424076,285474,726
skL0m25Nj6Y,Dry Aged Alligator (Nashville Hot Gator Sandwich),2022-11-02,Short,59S,59,14463931,927505,12059
7X3qCbSQhnY,I made my cats favorite food,2022-11-01,Short,52S,52,9907860,753911,3016
3zypsd9C2sE,The Ultimate Triple Decker Burger,2022-10-31,Short,49S,49,1709316,163292,827
fwEV4l_gUQE,Smoked Bourbon Marinated Brisket,2022-10-27,Short,35S,35,1831605,157070,574
CKZN1IfYvC4,Wagyu Short Rib Hot Pocket,2022-10-26,Short,40S,40,2114933,200126,505
PYm4q_L4bII,What I Used to Eat at Sleep Away Camp‚Ä¶,2022-10-25,Short,1M,60,2624321,266880,568
Eu_OoXXhLVs,Duck Balls‚Ä¶,2022-10-24,Short,39S,39,8028486,464033,7124
MQgoIhyc1Jo,The Brisket Baby,2022-10-23,Short,8S,8,2252945,100574,821
vwnMpfPNyes,I Made Salmon Dumplings in Alaska,2022-10-22,Short,50S,50,12919081,851117,5249
mqvSULs1a8Q,Smoked Beef Heart,2022-10-21,Short,46S,46,3029081,275418,1401
cMf3YuR3JUE,The hardest job I ever had‚Ä¶,2022-10-18,Short,1M,60,17072154,1320151,3429
8W8Au81_gTs,Best ‚Äúit‚Äôs raw‚Äù comment wins‚Ä¶,2022-10-17,Short,12S,12,33371942,1466623,102960
Oz6tS6TLs1o,Gochujang Sesame Dry Age,2022-10-16,Short,48S,48,5627795,453539,1104
OBhEz6QjmoU,What I Ate in Alaska‚Ä¶ but it keeps getting weirder,2022-10-12,Short,48S,48,2381216,217791,1095
uo1E2vFhAO0,Pulled Pork Ice Cream,2022-10-03,Short,43S,43,2470004,133538,618
EPudgBJ8uy4,‚ÄúMeat‚Äù Balls (Rocky Mountain Oysters),2022-09-29,Short,29S,29,12891268,438101,7308
SU8rvi4AzKM,Turned 30 so Made Beef Cheeks,2022-09-27,Short,9S,9,1240637,82698,596
NPfS-7ma2gY,Beef Tongue Tacos,2022-09-22,Short,39S,39,21206831,1074059,9387
LHYPFaQzttw,I Ate a Whole Pig (Bachelor Party Pig Pt. 3),2022-09-17,Short,43S,43,9645021,469244,6060
io5F83eFTkM,I Bought a Pig (Bachelor Party Pig Pt. 1),2022-09-15,Short,58S,58,47064496,1866953,17929
qW8EYGkZLvc,The Steak Biggie Mac @albert_cancook,2022-09-08,Short,33S,33,74509932,2892527,6078
KKkF70aah3s,Spicy King Crab Pasta @itsQCP,2022-09-02,Short,37S,37,6072697,503486,1489
dFh9heGhH_I,Wagyu Tallow Injected Beef Cheeks,2022-08-25,Short,39S,39,7799005,570162,2925
wKbPJxkiq3c,Pulled Pork Cooked in Clay,2022-08-19,Short,34S,34,3417597,248941,982
HvM5uz3s0BI,Grilled Branzino with Salmon Egg Beurre Blanc @hwoo.lee,2022-08-18,Short,31S,31,4720612,326434,980
afKfHQ8TdtI,Chicken Cooked in Clay (Beggar‚Äôs Chicken),2022-08-17,Short,43S,43,43324205,2286599,8841
J7MWMKAHTZQ,Chicken ü•™ with the sandwich king himself @owen.han,2022-08-12,Short,56S,56,11684923,971633,1463
Z7kYMjQbCKg,Octopus,2022-08-11,Short,31S,31,11654091,469455,1488
OHqc1Lp8lFU,Mahi Mahi Tacos,2022-08-10,Short,52S,52,6749073,629012,1916
12DbLCBVIWw,Car Cooking: Max vs Buffalo Wild Wings,2022-08-09,Short,53S,53,3019426,311730,728
gOlBrPXrFxA,Deconstructed Smoked Chicken,2022-08-02,Short,37S,37,11665014,859886,2039
41HFHXmc8Ww,Lamb Brisket vs. Wagyu Brisket @GugaFoods,2022-07-28,Short,31S,31,3739287,288828,693
vJUiXU4xLeQ,The Frankenstein Roast,2022-07-27,Short,58S,58,16407065,1236371,4202
lkB_4ZPLPl8,The steak accordion (I did something bad),2022-07-25,Short,42S,42,37318674,2541795,7538
dNbNPmxVuWQ,3 Chicken Wing Mistakes to Stop Making (#3 is game changer),2022-07-23,Short,47S,47,4424919,386996,2149
pojfDzs5nU4,I suck at making spring rolls @LisaNguyen,2022-07-22,Short,49S,49,6776503,534144,2763
ArpkopAmU9M,Seasoning a steak with the crust of another steak,2022-07-21,Short,38S,38,34768269,2143938,9651
Q41FRd8mREk,Rare Japanese Knives (Korin Knife Shop),2022-07-20,Short,46S,46,7856130,597825,1643
gFfU1RDESmM,I tasted the dry aged impossible meat‚Ä¶,2022-07-19,Short,43S,43,43339664,2539585,13207
swNm2DvC5uE,Jumbo Chili Cheese Dog,2022-07-06,Short,29S,29,323189779,5654695,23550
PJnb5spG7lU,Simple Crispy Pork Belly,2022-07-01,Short,28S,28,6282295,336063,1832
H5RMhDvE7Yk,Wagyu A5 Beef Tartare Burger,2022-06-24,Short,20S,20,15079637,739985,4047
Yv2ohC5f5mg,Dry Aged Salmon,2022-06-21,Short,40S,40,16604994,1110961,2674
pyRZyE_yAPo,My Favorite Instant Ramen Recipe pt. 14,2022-06-18,Short,58S,58,13169340,1043657,4254
xJIPlqTvUSk,I think Gordon hates me,2022-06-17,Short,32S,32,24142976,1237367,7462
CJU6XUBr4gY,Black Garlic Dry Aged Ribeye,2022-06-16,Short,33S,33,5618754,381174,1429
p812v2g5tvA,Popcorn Pork,2022-06-07,Short,10S,10,68794872,2221680,19451
zPjZnPJ2K-o,4 Butter Basting Mistakes to Stop Making,2022-06-03,Short,48S,48,30628508,1647790,3930
R2Fi2I6RSgk,Dry Aged Impossible (Vegan) Meat,2022-05-31,Short,17S,17,13730361,691008,6478
YYFlLferi5o,Ghost Pepper Lamb Chops at Michelin Star Restaurant,2022-05-22,Short,35S,35,2505089,177786,407
TAp87nKCX_E,Wagyu A5 Filet Mignon Tartare,2022-05-16,Short,44S,44,13132803,773724,3302
9ZUDUG3Im_U,150 Day Dry Aged Spam,2022-05-11,Short,26S,26,58039899,2800792,7319
dW9w97Afcws,Maple Habanero Pork Twists,2022-05-06,Short,23S,23,17517154,730109,1436
DMChBhNr08g,The Holy Grail of Beef,2022-05-05,Short,30S,30,6939752,436555,1642
2FWrcTLYegM,Whole Cod Fish and Chips üêü,2022-05-03,Short,48S,48,4315999,299545,1668
5TrcrM_ooiw,Tajin Tequila Dry Age,2022-05-01,Short,52S,52,5261149,501481,1043
ianyoKUMwK4,A spicy steak on top of Google ft. @LisaNguyen,2022-04-29,Short,30S,30,6178462,442773,1999
77KIbqv2eEM,Deconstructed Prime Rib,2022-04-28,Short,1M,60,19390036,1323231,3884
g-hPtKGb8yo,A hen in her nest üêì,2022-04-19,Short,1M,60,10607841,768199,2505
Ahx2YptGw3I,Pork Brisket vs Bison Brisket ft. @GugaFoods,2022-04-13,Short,35S,35,9616112,679913,2234
YQ15ugO3eI8,Pork Chips and Salsa,2022-04-12,Short,28S,28,2409555,169656,738
PqU8NtHBgCk,Steak Pizza ft. @GugaFoods,2022-04-07,Short,32S,32,28834381,1538863,7932
GXpioNviYl4,Everything I ate on a luxury cruise,2022-04-05,Short,59S,59,9977102,715511,3201
EleODaehtgo,The Steak Monster üòà,2022-04-02,Short,1M,60,114507320,6205642,16394
jPAR4KAajVY,Pick Juice Brined Steak,2022-04-01,Short,43S,43,14375768,958221,1392
bHgUL_W62sE,Pork Skin Chip,2022-03-27,Short,46S,46,10043693,671922,4131
JJeznbuGEAI,The Steak Review: IHOP,2022-03-19,Short,30S,30,7706918,455206,1364
bFRKVoR_Bsg,Dry Aged Bologna,2022-03-18,Short,27S,27,67753253,2554104,7631
6PDJXdjnWM4,My mom forced me to play the violin,2022-03-12,Short,1M,60,16023215,1274681,5608
yvy2a3gmNYs,Pork Belly Accordion,2022-03-10,Short,18S,18,58214683,1901080,5650
rzkrJ7T-HSA,The Steak Review: Cracker Barrel,2022-03-04,Short,34S,34,3721059,263802,797
GZx2n_sOGj8,Should steaks be left at room temp before cooking?,2022-03-02,Short,36S,36,9518375,678504,1497
5aAdnro2mx8,Do 15lb lobsters taste bad? ft. @NickDiGiovanni,2022-02-24,Short,36S,36,42832990,2032613,6920
1LcH86evTyI,How to grill a porterhouse,2022-02-21,Short,27S,27,10175332,444176,1457
dU_dDHh_LMY,The doctor said I need to eat more fish‚Ä¶,2022-02-18,Short,15S,15,5706067,317494,2334
MY9l1G6aT_I,The time I got stood up on a date üíî,2022-02-14,Short,1M,60,43671282,3155226,8855
6iPbI3HAUEo,A Big Brisket Sandwich,2022-02-11,Short,21S,21,2450179,158688,1083
0y2ntUU5n04,Car Cooking: Red Lobster @NickDiGiovanni,2022-02-08,Short,57S,57,25288797,2032771,4929
WEfbBm7qTUE,The sandwich from my nightmares,2022-02-07,Short,25S,25,2467225,191494,1101
NqHZXM3RB9Q,The day I fell in love,2022-02-04,Short,1M,60,49186320,3033298,8416
gAEAVA9Ippg,Steak Battles: Max vs Ken‚Äôs (cops calledüëÆ‚Äç‚ôÇÔ∏è),2022-01-29,Short,56S,56,33904308,2553728,6530
Ms7gIC6i_sA,Duck Fat Chip ü¶Ü,2022-01-26,Short,42S,42,14820533,834286,3212
czKXBBUezps,The Ultimate Smash Burger,2022-01-25,Short,47S,47,3097937,274107,1356
k-kEgO4WkeE,Pork Belly Bread üê∑,2022-01-22,Short,40S,40,5113830,402214,1774
gPGAIx2wC40,28 Day Salt Dry Age üßÇ,2022-01-20,Short,34S,34,8120884,632000,1141
MshH6ajPKP4,Butter Injected Lobster ü¶û,2022-01-17,Short,34S,34,74116414,3482095,19986
YB3hofmgZLo,Homemade McFish,2022-01-15,Short,29S,29,1409348,121577,384
WpGrl1-GZMA,Chicken and Waffles x TikTok Cake #shorts,2022-01-14,Short,39S,39,10845170,707569,1850
JUFf5yrZDbA,How did I make money living in China? Ft. Every TikTok creator seasoning #shorts,2022-01-07,Short,1M,60,37461536,2578140,8001
rGoZfebxjVI,Tofu Ribs (for all my loyal vegan followers) #shorts,2022-01-06,Short,16S,16,10399689,576157,9108
R6T3D6gu1GI,Has social media made me hate cooking? #shorts,2022-01-03,Short,1M,60,3131905,231756,1391
bMC13z2GCqc,Best ‚Äúit‚Äôs raw‚Äù comment wins (pt 2) #shorts,2021-12-30,Short,12S,12,4928122,204153,12905
5GaIEvusqbU,Steak Ice Cream #shorts,2021-12-28,Short,11S,11,19652019,636747,3652
gAj7I7nt_XA,Prime Rib Reuben #shorts,2021-12-26,Short,21S,21,2215298,141560,723
Hkg2e_9PjMI,What happens if you don‚Äôt rest your roast? #shorts,2021-12-25,Short,24S,24,11176995,523419,3899
l9Yo0I3GSJ4,How to Prep & French a Prime Rib #shorts,2021-12-23,Short,24S,24,6321180,261264,341
ESBJgrUdykY,Holiday Prime Rib (Thicc crust) #shorts,2021-12-19,Short,47S,47,3916906,323834,1366
5XC6GjfM7Os,I (kinda) got kicked out of Wendy‚Äôs parking lot #shorts,2021-12-15,Short,59S,59,135845512,7160414,16933
3_OArk8bZNU,CAR COOKING: Sleepover at Wendy's (Max vs Baconator) #shorts,2021-12-15,Short,1M,60,36344968,2908486,2572
F75zF9pjVUM,Dry Aged Striped Bass #shorts,2021-12-13,Short,33S,33,2251355,166535,781
fWH79nI3DFU,Car Cooking x Does it Deep Fry: McRib #shorts,2021-12-11,Short,39S,39,4172794,345386,752
kU_W_YIsFL4,The Tomahawk King (well done & rare) #shorts,2021-12-09,Short,48S,48,22690246,1422121,8868
lZI4IT2EbIc,The Old Fashioned: Orange & Whisky Dry Age #shorts,2021-12-03,Short,37S,37,2505325,210548,519
AJ3Py2n_cUY,The Ultimate Seafood Tower #shorts,2021-12-02,Short,59S,59,1179206,106807,398
DWgJ57LV4RE,Does it Deep Fry: Whole Duck #shorts,2021-12-01,Short,29S,29,3210949,184424,1354
y3I17q1I0UQ,Pulled Pork Cinnamon Rolls #shorts,2021-11-30,Short,29S,29,948231,83206,551
blDev_gChA4,$1 vs $100 bite - what does an 8 yr old like more? #shorts,2021-11-28,Short,50S,50,53243078,2889794,16093
-2exRhKYqRk,Green Dry Aged Turkey #shorts,2021-11-26,Short,36S,36,8719948,547978,2429
iuhIgUfRz0Y,Surf & Turf Sandwich #shorts,2021-11-25,Short,29S,29,2380181,172595,926
LJaj3E29N_4,The right way to carve a Turkey #shorts,2021-11-21,Short,31S,31,3152833,243051,458
KzWS_w6An1U,üçÜ Wellington #shorts,2021-11-20,Short,16S,16,3049291,121543,826
WUGzlHBvm-E,Tomato Wellington üçÖ #shorts,2021-11-20,Short,16S,16,5747947,234058,1350
koNFDjyt6zw,The Perfect Thanksgiving Turkey #shorts,2021-11-17,Short,48S,48,5214745,321181,1815
i-15DZuO3u0,100 Day Dry Age Wagyu Beef Shank #shorts,2021-11-16,Short,1M,60,5697893,467039,1122
53gyRm319-c,The Turkey Wellington #shorts,2021-11-12,Short,44S,44,1878604,164943,641
5KLhlKMPKss,"Dry Aged Tuna Sushi ($4,000!!) #shorts",2021-11-11,Short,53S,53,30902765,1816431,6148
qc1aPTPIgvA,Bacon Wrapped Tomahawk #shorts,2021-11-09,Short,15S,15,2569392,133820,620
18lSwA77zcs,Sour patch kids dry age experiment (don't try this at home) #shorts,2021-11-06,Short,45S,45,8503835,578658,5856
sZKQVbWVNYI,Eating Duck with Mark Zuckerberg #shorts,2021-11-05,Short,1M,60,30485808,1796842,7910
Mh_IOsM88Ik,The Ostrich Egg Exploded Before I Could Slice It ü•≤ #shorts,2021-11-01,Short,17S,17,18379684,424327,1864
fGEDb2lUWI4,Should you really cut steaks AGAINST the grain? (Real fire pit) #shorts,2021-10-26,Short,38S,38,12640259,756860,1699
SfkoDFjAZ8g,How I almost burned down my house #shorts,2021-10-25,Short,44S,44,3252321,243645,687
WXKp_11ehbQ,Pumpkin Spice Dry Aged Ribeye #shorts,2021-10-24,Short,37S,37,1732046,137322,483
BjHLQzkMJtw,Does it Deep Fry: Ice #shorts,2021-10-23,Short,24S,24,5002128,282421,1268
Cun-ny0N4dw,How I almost died buying my first smoker #shorts,2021-10-18,Short,47S,47,8327123,572480,3974
9cBVeyhW_SE,I dropped this steak in real dirt #shorts,2021-10-17,Short,11S,11,853768,42069,667
jrqt8aIvKDo,Steak School: New York Strip (Strip Steak) #shorts,2021-10-16,Short,32S,32,4474413,292623,606
sNsfvfEi27Y,Chocolate & Coffee Dry Aged Ribeye #shorts,2021-10-14,Short,40S,40,4334467,362965,1208
keAOhf4FFkQ,6 Steak Temps (Ketchup - Vampire) #shorts,2021-10-11,Short,39S,39,16367802,808703,12505
Hywmhl2eQlQ,Does it Deep Fry: Pork Belly #shorts,2021-10-09,Short,18S,18,7397878,403727,1760
6KrsRM5d_0s,The Steak Review: Longhorn #shorts,2021-10-06,Short,31S,31,3841436,280396,636
0AQ_eSNlH78,Turned 29 so cooked ü•© #shorts,2021-10-02,Short,8S,8,10596489,370465,2480
MDJjWi0Wzh8,Steak Battles: Max vs Longhorn Steakhouse #shorts,2021-10-01,Short,44S,44,15241809,1292523,2319
DvawYzNvGbk,Steak of the Sea #shorts,2021-09-29,Short,11S,11,1306950,56873,423
MRWYEzIF3wM,Spicy Toro Crispy Rice #shorts,2021-09-28,Short,32S,32,745870,60655,334
H4lekFAtUZM,Grilled Lobster Roll x Truffle Fries #shorts,2021-09-25,Short,12S,12,1021338,58234,695
gEQeKJsAFSk,Team Medium Rare or Well Done? #shorts,2021-09-23,Short,29S,29,32586256,1275871,35955
hSg7OFHr1zo,Did I overreact eating the eyeball? #shorts,2021-09-22,Short,30S,30,3433768,186405,1893
_ndG_gpa3so,Pizza Wings #shorts,2021-09-20,Short,27S,27,2735572,180999,1807
0Bngto6HLh0,Beefsteak üçÖ #shorts,2021-09-16,Short,12S,12,12258644,373165,2479
9FpA4sHH-BA,The best way to cook a tomato #shorts,2021-09-16,Short,12S,12,15156461,625230,5835
fnXL_svhMoQ,Lamb & Peaches for Snoop Dogg #shorts,2021-09-12,Short,15S,15,1303953,64893,287
UKKxynoBO_w,Steak Battles: Max vs. Texas Roadhouse #shorts,2021-09-11,Short,29S,29,20461090,1328837,8533
sigPLhr_zFk,Dry Aged Wagyu Burger #shorts,2021-09-09,Short,28S,28,2705539,194553,1015
bv_mX6fbb38,Steak & Oysters #shorts,2021-09-06,Short,14S,14,5845725,245111,801
KsQeQ1nJOP4,Next Level Rib Corndogs #shorts,2021-09-04,Short,20S,20,2414205,184391,568
EbxQnE0d5Lc,Best ‚Äúit‚Äôs raw‚Äù comment wins #shorts,2021-08-31,Short,9S,9,6321874,192823,19248
A3Tqm5k1IA4,Teriyaki WAGYU Burnt Ends #shorts,2021-08-29,Short,21S,21,1916204,112443,773
kUXXjApmS-E,Butter Basted Steak Tutorial #shorts,2021-08-27,Short,38S,38,5020079,333279,1417
xPl9Qf7UGWM,Vegan sister makes tuna #shorts,2021-08-23,Short,12S,12,7598475,227484,3628
PWrP6XwudJM,Watermelon tuna #shorts,2021-08-23,Short,12S,12,12695610,352691,3577
JU7q3vcEeM0,something's fishy #shorts,2021-08-21,Short,14S,14,1713746,64848,1290
4UwJhzIKbLw,Filet & Caprese #shorts,2021-08-13,Short,18S,18,1878810,97529,452
VtPsXzlzVNM,Black Truffle & Cognac Wagyu Ribeye #shorts,2021-08-09,Short,33S,33,5774703,402852,1462
zQyaFzqnoJQ,Beef Bacon Steak #shorts,2021-08-06,Short,26S,26,6375298,373497,1328
rBQFGw8li4c,How to make smoked watermelon taste good #shorts,2021-08-03,Short,13S,13,6737372,230801,1451
bG98sWNFymA,Never wrap with tinfoil... #shorts,2021-08-03,Short,13S,13,7599002,242982,1751
-Qp7n1It40c,Most Expensive Beef Jerky? #shorts,2021-07-28,Short,13S,13,4899530,253062,885
biZupXfvcYM,Prime Rib: Beef Bacon X Blue Cheese #shorts,2021-07-26,Short,53S,53,11565424,887210,3444
l07-1bHwBp4,Beef Bacon Burnt Ends #shorts,2021-07-21,Short,36S,36,4135969,314024,1176
YDTANv-7k7g,60 Day Dry Aged Picanha (Covered in frosting?) #shorts,2021-07-17,Short,31S,31,2197596,162133,431
K-jGQmngQEQ,Black Truffle Dry Brined Wagyu #shorts,2021-07-13,Short,30S,30,4265701,269724,1239
bwaM4sQS1Ek,Trimming a Dry Aged Brisket #shorts,2021-07-12,Short,40S,40,5741810,392241,975
rrhB85u122o,The Steak Review: The Outback #shorts,2021-07-10,Short,1M,60,7492509,616275,1300
IGwWbYE9cFs,Forbidden Dorito #shorts,2021-07-06,Short,12S,12,61793972,1208804,3700
W-x_iacztuQ,4th of July STEAK CAKE (& firework show) #shorts,2021-07-04,Short,34S,34,1019783,75450,851
XDL4e4969G8,Steak Battles: Max vs. The Outback #shorts,2021-07-01,Short,54S,54,22705386,1747970,5284
R86b_OuBXDk,Onion Volcano #shorts,2021-06-27,Short,12S,12,3409449,191020,792
6bCZhAKORW8,Chili Garlic Butter Oysters #shorts,2021-06-19,Short,13S,13,807027,42416,278
8x5fkS2xECU,Dry Aged Sea Bass Sashimi #shorts,2021-06-17,Short,26S,26,2337765,140319,631
UUOuTXn2REI,Bulgogi Beef Fried Rice #shorts,2021-06-16,Short,32S,32,3715880,259311,1893
XqQ6mqKajj0,Catch & Cook: Black Sea Bass CEVICHE #shorts,2021-06-12,Short,24S,24,1297751,68907,283
np_6Bt59Y80,Watermelon & Mustard: SHOCKING Results #shorts,2021-06-11,Short,12S,12,4104784,146349,1170
3imf3xPNh4g,Car Cooking: Wagyu A5 at Taco Bell #shorts,2021-06-09,Short,33S,33,10212895,695688,2201
ibF94yHR2Ug,TikTok said my meat looked dry #shorts,2021-06-08,Short,15S,15,2587136,117240,3277
eiM8zDAH8dw,The Surf & Turf Crayfish #shorts,2021-06-07,Short,29S,29,881153,61494,390
WaJW8Cvnr6g,5 Spice Ribs #shorts,2021-06-04,Short,23S,23,517282,35823,164
i7gA9w-Cxa0,How much meat do I eat? #shorts,2021-06-02,Short,31S,31,6040335,369859,1864
-b_PbTMbwF0,The 50 Day Dry Aged Brisket Sandwich #shorts,2021-05-27,Short,31S,31,8219080,416418,1638
jlQYv3hM0uQ,Whiskey Aged Steak #shorts,2021-05-25,Short,30S,30,11232115,607311,1524
04ECZ_Ohfi4,Steak School: Beef Tenderloin #shorts,2021-05-18,Short,52S,52,6079926,500719,1289
hIOb9b-xspc,Duck & A Story #shorts,2021-05-17,Short,31S,31,6530256,309411,1958
40FdljGsWOg,Wine Aged Ribeye #shorts,2021-05-13,Short,31S,31,2028470,138852,645
S8EzdS4nE0w,Honey Mustard Ribs #shorts,2021-05-11,Short,28S,28,541755,34849,293
H89U4ZZAQ5U,Candied Bacon X Bourbon Ribs #shorts,2021-05-06,Short,25S,25,668210,48337,227
DvnZ4ch99PY,Dry Aged Duck #shorts,2021-05-06,Short,25S,25,37358660,1037249,8625
EJh7o5AzqGU,All Aboard the Twisted Bacon Train #shorts,2021-04-30,Short,45S,45,3042751,195328,1758
XUW85TmLNJc,The Meat CHESS BOARD #shorts,2021-04-24,Short,31S,31,3098160,172283,1014
A24cBt35kLA,Duck CONFIT (date night food) #shorts,2021-04-22,Short,23S,23,857936,43246,270
ygP-cZdTIgQ,Wagyu Tomahawk‚Ä¶ Pastrami? #shorts,2021-04-18,Short,30S,30,3409597,158911,746
XgmLWmc2IsI,Steak and a Story: Why I Started Social Media #shorts,2021-04-16,Short,43S,43,3676311,260460,1294
yOzjlNzka5w,Choose Your Meat Wisely #shorts,2021-04-13,Short,27S,27,14517906,460627,4625
7XYGcMlNWOY,Salmon Cinnamon Roll... but FANCY #shorts,2021-04-11,Short,46S,46,1144859,92073,540
LMWuaQbIoDI,A Guide To Dry Aging: Rib Roast Experiment #shorts,2021-04-08,Short,39S,39,1178000,90538,272
_QbmYhrzie0,The BASKETBALL Ham #shorts,2021-04-04,Short,57S,57,8144365,527203,2301
O1Sc8uw6UjM,Lamb Rack WELLINGTON for @gordonramsay #shorts,2021-03-30,Short,46S,46,1898390,157761,883
V7bTTaZn6Jg,Fitting a Chicken in a Sandwich #shorts,2021-03-26,Short,40S,40,5954350,286053,2282
E9ShGXo5Bww,King Crab JERKY #shorts,2021-03-23,Short,27S,27,2982362,149295,561
fPSQZ91RzTY,Steak School Pt. 2: Skirt Steak 101 #shorts,2021-03-21,Short,56S,56,1917578,146276,401
oozpaRAAY9g,WAGYU X Candied Bacon Compound Butter #shorts,2021-03-19,Short,42S,42,1557985,113610,741
iGhX600vU68,Car Cooking: WHOLE Chicken Chick-fil-A #shorts,2021-03-13,Short,41S,41,35706415,1953544,8248
htGQcQzy1Jw,Reverse Sear vs Direct Heat #shorts,2021-03-11,Short,31S,31,2106752,139516,545
FWsWKFUVN_o,King Crab Cake CUPCAKES #shorts,2021-03-11,Short,44S,44,291843,18349,228
z85irTkXMi8,Halloween STEAK CAKE Throwback #shorts,2021-03-10,Short,59S,59,543181,49530,473
LW3nSNGAA8M,DOUBLE CRUST Ribeye #shorts,2021-03-10,Short,59S,59,1600710,100694,573
rFD2BiMxnYU,WAGYU Beef Jerky? #shorts,2021-03-09,Short,53S,53,1413533,112801,726
r2o9WKXQ8Fc,Gordon Ramsay Wasn‚Äôt Happy With my Wellington! #shorts,2021-03-09,Short,53S,53,3140605,192977,1196
ycDG7tDhM7U,DINO Rib Confit x Duck Fat #shorts,2021-03-08,Short,36S,36,1422106,85268,478
N8coGPYDkBM,The SCORPION Beef Bomb #shorts,2021-03-08,Short,59S,59,2215988,149078,1605
GIR7dZyKUfo,Grilled STEAK Tutorial: Thin Cuts #shorts,2021-03-07,Short,59S,59,1607650,110011,705
6RbdIE6w_J4,Game changer Cinnamon Toast CRUNCH #shorts,2021-03-07,Short,43S,43,341066,22085,297
sdJLOQVh3Zk,Lobster and CAVIAR Bites #shorts,2021-03-06,Short,46S,46,668279,46917,378
sZr189j3THg,Bacon BREAD BLT: ASMR #shorts,2021-03-06,Short,16S,16,316521,14302,246
-Ou09DfmCgc,Doc Said Add FISH to My Diet #shorts,2021-03-05,Short,21S,21,832687,48613,611
Yfpl9RLbgOg,Car Cooking: The Filet-O-Fish #shorts,2021-03-04,Short,41S,41,24518252,1543360,7650
h-Ry_yTEKAI,Fresh MANGO Habanero Wangz #shorts,2021-03-03,Short,51S,51,338208,22689,161
G8RZKaoluAk,SQUIRREL TAIL Fish #shorts,2021-03-02,Short,42S,42,1475473,60277,760
B2i-PHENcJA,Oxtail DUMPLINGS #shorts,2021-02-28,Short,23S,23,667496,40568,496
p4elMv3PJOk,Taki Chicken Cordon BLUE #shorts,2021-02-28,Short,30S,30,1113643,51123,604
rsxpryCkHE0,Car Cooking: Fixing the IMPOSSIBLE Burger #shorts,2021-02-27,Short,41S,41,3480363,249743,1581
O55rt9_JAYA,Smoked Whiskey Glazed Pork Roast #shorts,2021-02-26,Short,44S,44,469013,31974,214
be0Cal-gs58,Using Snow to Cook a Better Porterhouse #shorts,2021-02-25,Short,37S,37,2122392,123906,543
Pg3ToNePSRA,Perfect Korean BEEF Marinade #shorts,2021-02-23,Short,30S,30,557724,27810,206
H8ejRXfIGPg,The IMMORTAL Hot Pocket pt. 2 #shorts,2021-02-22,Short,32S,32,545913,35891,337
j90UUvwLPKw,The HAMDOG #shorts,2021-02-21,Short,46S,46,3704997,266354,2485
D8-YO_NcPkQ,Sous Vide x Smoked x Smash BURGER #shorts,2021-02-21,Short,58S,58,3735397,304633,2075
0_N0fdXYaAA,Fresh Chili Lime WANGZ #shorts,2021-02-20,Short,54S,54,347207,23151,221
1QdWOB_OMj4,Leg of LAMB: ASMR #shorts,2021-02-18,Short,16S,16,374426,17845,206
ASYaBkUUMwQ,HABANERO Compound Butter ASMR #shorts,2021-02-17,Short,15S,15,448377,18901,183
fByMB8ukv7g,BOURBON Glazed Beer Can Turkey #shorts,2021-02-16,Short,16S,16,380118,14751,244
N6qLoOAHTU0,Steak School: Ribeye 101 in 60 Seconds #shorts,2021-02-15,Short,59S,59,1114963,65596,356
9aV5f6w3G5A,Bacon Wrapped GOOSE #shorts,2021-02-14,Short,52S,52,1788552,131567,1385
KbFrYwfC6Uo,Filet Mignon STEAK EXPERIMENT #shorts,2021-02-12,Short,54S,54,10596218,736582,2142
VYRHp1kg5UU,Jalape√±o Smoked SALMON Dip (the perfect dip) #shorts,2021-02-11,Short,43S,43,490815,28861,257
-kA_6WG4meQ,The SUPER (Bacon & Queso) Bowl #shorts,2021-02-09,Short,58S,58,1740223,99800,698
NQFnpRx6Ajc,SALMON Bread #shorts,2021-02-07,Short,47S,47,5035680,322245,1936
8u_L6--738k,Car Cooking: The Oreo McFlurry #shorts,2021-02-04,Short,59S,59,35972332,2286767,7258
V5uvSbW-Y0o,The PORCHETTA Glizzy Wellington (pt4) #shorts,2021-02-04,Short,55S,55,1267326,69370,900
lCK6zrwnBGw,Smoked LOBSTER and Garlic Butter #shorts,2021-02-03,Short,30S,30,598120,33739,434
JvI42klX2so,Bacon STEAK #shorts,2021-02-02,Short,32S,32,1879244,116841,908
4cuGjdEQ11w,Is DRY BRINING Worth It? Steak Science #shorts,2021-02-01,Short,58S,58,1433327,71565,342
TduiEN47DIc,The IMMORTAL Hot Pocket pt1 #shorts,2021-01-31,Short,56S,56,2345855,133282,1035
d1ClvpNZycs,JUMBO Surf & Turf TEMPURA #shorts,2021-01-29,Short,40S,40,1080847,45181,467
bde4_GrdjMM,Honey Mustard x Ghost Pepper WANGZ #shorts,2021-01-27,Short,34S,34,607343,23815,354
9KgJDGLcWmw,CRUNCH WRAP Supreme #shorts,2021-01-25,Short,59S,59,4845869,322591,2326
feL8t43tLZA,The WAGYU Big Mac (Car Cooking pt4) #shorts,2021-01-24,Short,41S,41,17232482,914959,3662
hSD48Iop-Ms,Worlds Most EXPENSIVE Beef Jerky (A5 Wagyu Filet Mignon) #shorts,2021-01-23,Short,30S,30,2235993,88973,767
OxWnNyImzw4,BACON Bread: BLT & Salad Bowl #shorts,2021-01-23,Short,36S,36,864498,32001,632
WhTiePz20IU,The GOLDEN Goldfish #shorts,2021-01-22,Short,55S,55,1566612,53445,1044
BUP7MiEFrcU,Cooking BAMBI: ASMR #shorts,2021-01-22,Short,16S,16,1368870,40978,792
_x1rQpyQy4A,WAGYU Nachos #shorts,2021-01-21,Short,40S,40,1278279,65557,735
zNjnRDFKv8M,Salmon CANDY #shorts,2021-01-20,Short,33S,33,1092850,39409,614
cyrVgqAD6xc,Candied BACON x Ice Cream #shorts,2021-01-20,Short,35S,35,463131,23820,750
uNCxAk6ozPE,Tofu RIBS #shorts,2021-01-19,Short,44S,44,3139139,190031,3252
wJXmkEN2XrA,Golden GLIZZY Wellington! #shorts,2021-01-19,Short,58S,58,3598500,294183,1761
7MwM4I91o1Q,LOBSTER Hacks #shorts,2021-01-18,Short,15S,15,12087347,536545,1152
OfVHuqUGlyg,Hot dog OR Hamburger? #shorts,2021-01-18,Short,44S,44,1090814,45868,1423
U-Lk0uoMN7I,BACON Studded Smoked SALMON #shorts,2021-01-17,Short,58S,58,3111665,219521,1223
6kKfZQ8u4T8,Eating a 300 DAY Old Steak RAW #shorts,2021-01-17,Short,56S,56,32228554,1428843,13776
dOAyYRAPwr0,The GLIZZY Wellington Pt2 #shorts,2021-01-16,Short,58S,58,9396539,553997,3394
MWjQZ1Tx-20,The GLIZZY Wellington #shorts,2021-01-15,Short,51S,51,1768275,58145,1458
-K6E6U58zGE,LOBSTER x Grilled Cheese #shorts,2021-01-14,Short,56S,56,1697956,65400,1069
4IdSz2V4RF8,PORKLESS Salmon x Cinnamon Roll #shorts,2021-01-13,Short,51S,51,1434283,49432,944
oFhNJgWM6Y0,BRINGING THE MEATS to Arby‚Äôs: Car Cooking pt3 #shorts,2021-01-12,Short,31S,31,6468271,202615,1778
JWSZsYag6O4,Will it Wellington? CINNAMON ROLLS #shorts,2021-01-11,Short,31S,31,1374888,41315,1318
w8j9C0BbtDg,Swedish Fish #shorts,2021-01-10,Short,31S,31,1664319,48191,1066
YMrP85Olqa8,Surf & TURF Sushi #shorts,2021-01-09,Short,29S,29,1343288,45608,597
7VLkKClEug8,Hot Tub TUNA #shorts,2021-01-08,Short,26S,26,3417004,80888,1637
Z82F8XA68rc,Car Cooking pt2 THE McRIB #shorts,2021-01-06,Short,27S,27,7885208,302452,1552
w6fdVersAmg,Smoked Bacon S‚ÄôMORE Bombs #shorts,2021-01-05,Short,53S,53,390661,16821,575
PN_1jWeLf2c,Ribs in a CORN DOG!! #shorts,2021-01-04,Short,32S,32,799022,32378,626
a42lVGMqACk,Garlic BOMBS! #shorts,2021-01-03,Short,32S,32,1078120,45674,583
GoofISdn2TQ,The PERFECT Bite: Bacon STUDDED Scallops & Caviar #shorts,2021-01-02,Short,39S,39,573407,20361,606
XD_O33aU9wU,FrankenSTEAK: Gluing a Filet to a Ribeye #shorts,2020-12-30,Short,29S,29,1527956,55732,657
6bXYJ4Z1Sc0,A5 Wagyu x PURPLE Cauliflower #shorts,2020-12-28,Short,46S,46,1419523,56909,1269
HZ-bqnA5ioQ,Grow a GLIZZY #shorts,2020-12-27,Short,47S,47,6516811,304301,5810
hXFVFkNy01o,Bacon Stuffed BUNS Triple Smash Burger #shorts,2020-12-26,Short,50S,50,1417158,85620,1031
DNaLdMOmSWw,SHREDDING a Wagyu Steak #shorts,2020-12-25,Short,51S,51,3378734,163326,1471
IInYY3tkshE,PRIME RIB Laced w/ Bacon & Blue Cheese #shorts,2020-12-25,Short,55S,55,1085401,58100,1001
ROxD5KeuPTU,Fresh EEL Sushi #shorts,2020-12-24,Short,50S,50,784270,25911,721
-4MKnJY-2hc,VENISON Rib Roast #shorts,2020-12-22,Short,55S,55,851508,37561,803
d7aB-aTdc4c,Black Hawk BEEF Bomb #shorts,2020-12-21,Short,56S,56,1543292,68196,1051
ja_Uw62RulA,Root Beer Glazed RIBS x Root Beer Float #shorts,2020-12-20,Short,33S,33,485721,22355,371
Lkx2dacy-PQ,LAMB Rack x Balsamic Blackberry Glaze #shorts,2020-12-19,Short,58S,58,567405,25102,468
hBd1FRlHczg,Smoked SALMON x Cinnamon Roll #shorts,2020-12-15,Short,55S,55,1797365,108315,1156
eqE0ag_XYsA,Will it Easy Bake: WAGYU A5 & Truffles #shorts,2020-12-15,Short,48S,48,800441,33826,674
xdSGOWKt_6o,Holiday Tree. Meat Galore. #shorts,2020-12-08,Short,59S,59,1472422,46901,2074
D1SeFPWNxss,Candied BACON: Chocolate x Sriracha #shorts,2020-12-06,Short,24S,24,396850,14930,286
ecxEdDh1GJ0,Boneless Wings EXPOSED #shorts,2020-12-03,Short,37S,37,7239789,259016,2330
wPm6qrUuvGI,Taco TWINKIE x Flaming Hot Mozzarella Stick #shorts,2020-11-30,Short,54S,54,1570294,62751,1098
OQ435x0Kf1s,The TURKEY FOOTBALL #shorts,2020-11-29,Short,59S,59,2920780,180205,2027
A9tZvbzU0zs,Will it EASY BAKE? pt2 Baby Back Ribs #shorts,2020-11-24,Short,44S,44,922186,44025,889
ya64LQKTGBs,Will it EASY BAKE? pt1 Ribeye and Potatoes ü•©ü•î  #shorts,2020-11-20,Short,55S,55,3828360,198154,2132
MWLYWOtmJVY,The STEAK Cake ü•© üéÇ #shorts,2020-11-15,Short,52S,52,889756,39742,1340
5OLKyNq1aF0,3 Perfect STEAK Sauces ü•©,2020-11-13,Short,53S,53,2304212,100395,1115
AqqH_AEcJ8Q,The Pork PRETZEL üêΩ + ü•®,2020-11-10,Short,49S,49,2645329,141901,2591
IU_0YZ_Bshw,WELLINGTON Steak Cake! Happy Birthday Gordon Ramsay & Tilly Ramsayü•©üéÇü•ñ,2020-11-08,Short,59S,59,5818459,340285,2755
MZ5z_XEM0M8,Prime Rib Laced With BACON ü•©ü•ì,2020-11-06,Short,59S,59,2287134,82334,1673
